DROP TABLE EMPLOYEE;
DROP TABLE DEPARTMENT;
DROP TABLE SALGRADE;

CREATE TABLE DEPARTMENT
        (DNO int CONSTRAINT PK_DEPT PRIMARY KEY,
         DNAME VARCHAR(14),
	 LOC   VARCHAR(13) ) ;


CREATE TABLE EMPLOYEE 
        (ENO int CONSTRAINT PK_EMP PRIMARY KEY,
	 ENAME VARCHAR(10),
 	 JOB   VARCHAR(9),
	 MANAGER  int,
	 HIREDATE DATE,
	 SALARY decimal,
	 COMMISSION decimal,
	 DNO int CONSTRAINT FK_DNO REFERENCES DEPARTMENT);


CREATE TABLE SALGRADE
        (GRADE int,
	 LOSAL int,
	 HISAL int );

INSERT INTO DEPARTMENT VALUES (10,'ACCOUNTING','NEW YORK');
INSERT INTO DEPARTMENT VALUES (20,'RESEARCH','DALLAS');
INSERT INTO DEPARTMENT VALUES (30,'SALES','CHICAGO');
INSERT INTO DEPARTMENT VALUES (40,'OPERATIONS','BOSTON');

select * from employee; 

delete employee
where eno= 7369


select convert(varchar(10), 19801217, 120)



INSERT INTO EMPLOYEE VALUES
(7369,'SMITH','CLERK',    7902,convert(varchar(10), 19801217, 120),800,NULL,20);

INSERT INTO EMPLOYEE VALUES
(7499,'ALLEN','SALESMAN', 7698,convert(varchar(10), 19810220, 120),1600,300,30);

INSERT INTO EMPLOYEE VALUES
(7521,'WARD','SALESMAN',  7698,convert(varchar(10), 19810222, 120),1250,500,30);
INSERT INTO EMPLOYEE VALUES
(7566,'JONES','MANAGER',  7839,convert(varchar(10), 19810402,  120),2975,NULL,20);
INSERT INTO EMPLOYEE VALUES
(7654,'MARTIN','SALESMAN',7698,convert(varchar(10), 19810928, 120),1250,1400,30);
INSERT INTO EMPLOYEE VALUES
(7698,'BLAKE','MANAGER',  7839,convert(varchar(10), 19810501,  120),2850,NULL,30);
INSERT INTO EMPLOYEE VALUES
(7782,'CLARK','MANAGER',  7839,convert(varchar(10), 19810609,  120),2450,NULL,10);
INSERT INTO EMPLOYEE VALUES
(7788,'SCOTT','ANALYST',  7566,convert(varchar(10), 19870713, 120),3000,NULL,20);
INSERT INTO EMPLOYEE VALUES
(7839,'KING','PRESIDENT', NULL,convert(varchar(10), 19811117,120),5000,NULL,10);
INSERT INTO EMPLOYEE VALUES
(7844,'TURNER','SALESMAN',7698,convert(varchar(10), 19810908,  120),1500,0,30);
INSERT INTO EMPLOYEE VALUES
(7876,'ADAMS','CLERK',    7788,convert(varchar(10), 19870713, 120),1100,NULL,20);
INSERT INTO EMPLOYEE VALUES
(7900,'JAMES','CLERK',    7698,convert(varchar(10), 19811203, 120),950,NULL,30);
INSERT INTO EMPLOYEE VALUES
(7902,'FORD','ANALYST',   7566,convert(varchar(10), 19811203, 120),3000,NULL,20);
INSERT INTO EMPLOYEE VALUES
(7934,'MILLER','CLERK',   7782,convert(varchar(10), 19820123, 120),1300,NULL,10);

INSERT INTO SALGRADE VALUES (1, 700,1200);
INSERT INTO SALGRADE VALUES (2,1201,1400);
INSERT INTO SALGRADE VALUES (3,1401,2000);
INSERT INTO SALGRADE VALUES (4,2001,3000);
INSERT INTO SALGRADE VALUES (5,3001,9999);

COMMIT;

